id;nombre;ap_paterno;ap_materno;display;activo
1;Reducido;Regional;Cambridgeshire Sorprendente Vasco;Refinado Vasco;true
2;RSS;interactiva Extrarradio Senegal;Kazajistan Mercados Berkshire;Decoración Ladrillo capacitor;false
3;Ingeniero data-warehouse card;Avon microchip Deportes;Atún Rojo móbil;digital innovadora;true
4;Ergonómico previsión revolutionary;Canarias Práctico leverage;Kuwaiti Bedfordshire bypassing;Música;false
5;Estonia alarm regional;Macao bypass;Sincronizado;wireless;false
6;Directo;withdrawal Italia;multitarea 4th;XML Zapatos withdrawal;true
7;Seguro firewall;indexing program;enable viral navigating;connect Credit Salud;false
8;Factores;Cataluña Algodón;Verde;digital;true
9;Bacon;Coche programming synthesize;calculate;firewall;false
10;Bedfordshire;Estratega Mercado;program Terrenos;e-commerce;true
